discount_bps,min_rest_ms,entries,fills,fill_rate,total_pnl,realized_pnl,unrealized_pnl,pnl_bps_on_notional,fees_paid,slippage_cost,avg_time_to_fill_ms,sharpe_like
1.000000,0,0,0,0.00000000,0.0000000000,0.0000000000,0.0000000000,0.00000000,0.0000000000,0.0000000000,,0.00000000
1.000000,100,0,0,0.00000000,0.0000000000,0.0000000000,0.0000000000,0.00000000,0.0000000000,0.0000000000,,0.00000000
3.000000,0,0,0,0.00000000,0.0000000000,0.0000000000,0.0000000000,0.00000000,0.0000000000,0.0000000000,,0.00000000
3.000000,100,0,0,0.00000000,0.0000000000,0.0000000000,0.0000000000,0.00000000,0.0000000000,0.0000000000,,0.00000000
